measure_name,state_id,state_name,first_year,last_year,footnotes,sources
"Change in the number of clinics",AL,Alabama,2011,2014,,"Abortion Incidence and Service Availability in the United States, 2014, Rachel K. Jones, Jenna Jerman <https://www.guttmacher.org/journals/psrh/2017/01/abortion-incidence-and-service-availability-united-states-2014>"
"Change in the number of clinics",AK,Alaska,2011,2014,,"Abortion Incidence and Service Availability in the United States, 2014, Rachel K. Jones, Jenna Jerman <https://www.guttmacher.org/journals/psrh/2017/01/abortion-incidence-and-service-availability-united-states-2014>"
"Change in the number of clinics",AZ,Arizona,2011,2014,,"Abortion Incidence and Service Availability in the United States, 2014, Rachel K. Jones, Jenna Jerman <https://www.guttmacher.org/journals/psrh/2017/01/abortion-incidence-and-service-availability-united-states-2014>"
"Change in the number of clinics",AR,Arkansas,2011,2014,,"Abortion Incidence and Service Availability in the United States, 2014, Rachel K. Jones, Jenna Jerman <https://www.guttmacher.org/journals/psrh/2017/01/abortion-incidence-and-service-availability-united-states-2014>"
"Change in the number of clinics",CA,California,2011,2014,,"Abortion Incidence and Service Availability in the United States, 2014, Rachel K. Jones, Jenna Jerman <https://www.guttmacher.org/journals/psrh/2017/01/abortion-incidence-and-service-availability-united-states-2014>"
"Change in the number of clinics",CO,Colorado,2011,2014,,"Abortion Incidence and Service Availability in the United States, 2014, Rachel K. Jones, Jenna Jerman <https://www.guttmacher.org/journals/psrh/2017/01/abortion-incidence-and-service-availability-united-states-2014>"
"Change in the number of clinics",CT,Connecticut,2011,2014,,"Abortion Incidence and Service Availability in the United States, 2014, Rachel K. Jones, Jenna Jerman <https://www.guttmacher.org/journals/psrh/2017/01/abortion-incidence-and-service-availability-united-states-2014>"
"Change in the number of clinics",DE,Delaware,2011,2014,,"Abortion Incidence and Service Availability in the United States, 2014, Rachel K. Jones, Jenna Jerman <https://www.guttmacher.org/journals/psrh/2017/01/abortion-incidence-and-service-availability-united-states-2014>"
"Change in the number of clinics",DC,"District of Columbia",2011,2014,,"Abortion Incidence and Service Availability in the United States, 2014, Rachel K. Jones, Jenna Jerman <https://www.guttmacher.org/journals/psrh/2017/01/abortion-incidence-and-service-availability-united-states-2014>"
"Change in the number of clinics",FL,Florida,2011,2014,,"Abortion Incidence and Service Availability in the United States, 2014, Rachel K. Jones, Jenna Jerman <https://www.guttmacher.org/journals/psrh/2017/01/abortion-incidence-and-service-availability-united-states-2014>"
"Change in the number of clinics",GA,Georgia,2011,2014,,"Abortion Incidence and Service Availability in the United States, 2014, Rachel K. Jones, Jenna Jerman <https://www.guttmacher.org/journals/psrh/2017/01/abortion-incidence-and-service-availability-united-states-2014>"
"Change in the number of clinics",HI,Hawaii,2011,2014,,"Abortion Incidence and Service Availability in the United States, 2014, Rachel K. Jones, Jenna Jerman <https://www.guttmacher.org/journals/psrh/2017/01/abortion-incidence-and-service-availability-united-states-2014>"
"Change in the number of clinics",ID,Idaho,2011,2014,,"Abortion Incidence and Service Availability in the United States, 2014, Rachel K. Jones, Jenna Jerman <https://www.guttmacher.org/journals/psrh/2017/01/abortion-incidence-and-service-availability-united-states-2014>"
"Change in the number of clinics",IL,Illinois,2011,2014,,"Abortion Incidence and Service Availability in the United States, 2014, Rachel K. Jones, Jenna Jerman <https://www.guttmacher.org/journals/psrh/2017/01/abortion-incidence-and-service-availability-united-states-2014>"
"Change in the number of clinics",IN,Indiana,2011,2014,,"Abortion Incidence and Service Availability in the United States, 2014, Rachel K. Jones, Jenna Jerman <https://www.guttmacher.org/journals/psrh/2017/01/abortion-incidence-and-service-availability-united-states-2014>"
"Change in the number of clinics",IA,Iowa,2011,2014,,"Abortion Incidence and Service Availability in the United States, 2014, Rachel K. Jones, Jenna Jerman <https://www.guttmacher.org/journals/psrh/2017/01/abortion-incidence-and-service-availability-united-states-2014>"
"Change in the number of clinics",KS,Kansas,2011,2014,,"Abortion Incidence and Service Availability in the United States, 2014, Rachel K. Jones, Jenna Jerman <https://www.guttmacher.org/journals/psrh/2017/01/abortion-incidence-and-service-availability-united-states-2014>"
"Change in the number of clinics",KY,Kentucky,2011,2014,,"Abortion Incidence and Service Availability in the United States, 2014, Rachel K. Jones, Jenna Jerman <https://www.guttmacher.org/journals/psrh/2017/01/abortion-incidence-and-service-availability-united-states-2014>"
"Change in the number of clinics",LA,Louisiana,2011,2014,,"Abortion Incidence and Service Availability in the United States, 2014, Rachel K. Jones, Jenna Jerman <https://www.guttmacher.org/journals/psrh/2017/01/abortion-incidence-and-service-availability-united-states-2014>"
"Change in the number of clinics",ME,Maine,2011,2014,,"Abortion Incidence and Service Availability in the United States, 2014, Rachel K. Jones, Jenna Jerman <https://www.guttmacher.org/journals/psrh/2017/01/abortion-incidence-and-service-availability-united-states-2014>"
"Change in the number of clinics",MD,Maryland,2011,2014,,"Abortion Incidence and Service Availability in the United States, 2014, Rachel K. Jones, Jenna Jerman <https://www.guttmacher.org/journals/psrh/2017/01/abortion-incidence-and-service-availability-united-states-2014>"
"Change in the number of clinics",MA,Massachusetts,2011,2014,,"Abortion Incidence and Service Availability in the United States, 2014, Rachel K. Jones, Jenna Jerman <https://www.guttmacher.org/journals/psrh/2017/01/abortion-incidence-and-service-availability-united-states-2014>"
"Change in the number of clinics",MI,Michigan,2011,2014,,"Abortion Incidence and Service Availability in the United States, 2014, Rachel K. Jones, Jenna Jerman <https://www.guttmacher.org/journals/psrh/2017/01/abortion-incidence-and-service-availability-united-states-2014>"
"Change in the number of clinics",MN,Minnesota,2011,2014,,"Abortion Incidence and Service Availability in the United States, 2014, Rachel K. Jones, Jenna Jerman <https://www.guttmacher.org/journals/psrh/2017/01/abortion-incidence-and-service-availability-united-states-2014>"
"Change in the number of clinics",MS,Mississippi,2011,2014,,"Abortion Incidence and Service Availability in the United States, 2014, Rachel K. Jones, Jenna Jerman <https://www.guttmacher.org/journals/psrh/2017/01/abortion-incidence-and-service-availability-united-states-2014>"
"Change in the number of clinics",MO,Missouri,2011,2014,,"Abortion Incidence and Service Availability in the United States, 2014, Rachel K. Jones, Jenna Jerman <https://www.guttmacher.org/journals/psrh/2017/01/abortion-incidence-and-service-availability-united-states-2014>"
"Change in the number of clinics",MT,Montana,2011,2014,,"Abortion Incidence and Service Availability in the United States, 2014, Rachel K. Jones, Jenna Jerman <https://www.guttmacher.org/journals/psrh/2017/01/abortion-incidence-and-service-availability-united-states-2014>"
"Change in the number of clinics",NE,Nebraska,2011,2014,,"Abortion Incidence and Service Availability in the United States, 2014, Rachel K. Jones, Jenna Jerman <https://www.guttmacher.org/journals/psrh/2017/01/abortion-incidence-and-service-availability-united-states-2014>"
"Change in the number of clinics",NV,Nevada,2011,2014,,"Abortion Incidence and Service Availability in the United States, 2014, Rachel K. Jones, Jenna Jerman <https://www.guttmacher.org/journals/psrh/2017/01/abortion-incidence-and-service-availability-united-states-2014>"
"Change in the number of clinics",NH,"New Hampshire",2011,2014,,"Abortion Incidence and Service Availability in the United States, 2014, Rachel K. Jones, Jenna Jerman <https://www.guttmacher.org/journals/psrh/2017/01/abortion-incidence-and-service-availability-united-states-2014>"
"Change in the number of clinics",NJ,"New Jersey",2011,2014,,"Abortion Incidence and Service Availability in the United States, 2014, Rachel K. Jones, Jenna Jerman <https://www.guttmacher.org/journals/psrh/2017/01/abortion-incidence-and-service-availability-united-states-2014>"
"Change in the number of clinics",NM,"New Mexico",2011,2014,,"Abortion Incidence and Service Availability in the United States, 2014, Rachel K. Jones, Jenna Jerman <https://www.guttmacher.org/journals/psrh/2017/01/abortion-incidence-and-service-availability-united-states-2014>"
"Change in the number of clinics",NY,"New York",2011,2014,,"Abortion Incidence and Service Availability in the United States, 2014, Rachel K. Jones, Jenna Jerman <https://www.guttmacher.org/journals/psrh/2017/01/abortion-incidence-and-service-availability-united-states-2014>"
"Change in the number of clinics",NC,"North Carolina",2011,2014,,"Abortion Incidence and Service Availability in the United States, 2014, Rachel K. Jones, Jenna Jerman <https://www.guttmacher.org/journals/psrh/2017/01/abortion-incidence-and-service-availability-united-states-2014>"
"Change in the number of clinics",ND,"North Dakota",2011,2014,,"Abortion Incidence and Service Availability in the United States, 2014, Rachel K. Jones, Jenna Jerman <https://www.guttmacher.org/journals/psrh/2017/01/abortion-incidence-and-service-availability-united-states-2014>"
"Change in the number of clinics",OH,Ohio,2011,2014,,"Abortion Incidence and Service Availability in the United States, 2014, Rachel K. Jones, Jenna Jerman <https://www.guttmacher.org/journals/psrh/2017/01/abortion-incidence-and-service-availability-united-states-2014>"
"Change in the number of clinics",OK,Oklahoma,2011,2014,,"Abortion Incidence and Service Availability in the United States, 2014, Rachel K. Jones, Jenna Jerman <https://www.guttmacher.org/journals/psrh/2017/01/abortion-incidence-and-service-availability-united-states-2014>"
"Change in the number of clinics",OR,Oregon,2011,2014,,"Abortion Incidence and Service Availability in the United States, 2014, Rachel K. Jones, Jenna Jerman <https://www.guttmacher.org/journals/psrh/2017/01/abortion-incidence-and-service-availability-united-states-2014>"
"Change in the number of clinics",PA,Pennsylvania,2011,2014,,"Abortion Incidence and Service Availability in the United States, 2014, Rachel K. Jones, Jenna Jerman <https://www.guttmacher.org/journals/psrh/2017/01/abortion-incidence-and-service-availability-united-states-2014>"
"Change in the number of clinics",RI,"Rhode Island",2011,2014,,"Abortion Incidence and Service Availability in the United States, 2014, Rachel K. Jones, Jenna Jerman <https://www.guttmacher.org/journals/psrh/2017/01/abortion-incidence-and-service-availability-united-states-2014>"
"Change in the number of clinics",SC,"South Carolina",2011,2014,,"Abortion Incidence and Service Availability in the United States, 2014, Rachel K. Jones, Jenna Jerman <https://www.guttmacher.org/journals/psrh/2017/01/abortion-incidence-and-service-availability-united-states-2014>"
"Change in the number of clinics",SD,"South Dakota",2011,2014,,"Abortion Incidence and Service Availability in the United States, 2014, Rachel K. Jones, Jenna Jerman <https://www.guttmacher.org/journals/psrh/2017/01/abortion-incidence-and-service-availability-united-states-2014>"
"Change in the number of clinics",TN,Tennessee,2011,2014,,"Abortion Incidence and Service Availability in the United States, 2014, Rachel K. Jones, Jenna Jerman <https://www.guttmacher.org/journals/psrh/2017/01/abortion-incidence-and-service-availability-united-states-2014>"
"Change in the number of clinics",TX,Texas,2011,2014,,"Abortion Incidence and Service Availability in the United States, 2014, Rachel K. Jones, Jenna Jerman <https://www.guttmacher.org/journals/psrh/2017/01/abortion-incidence-and-service-availability-united-states-2014>"
"Change in the number of clinics",UT,Utah,2011,2014,,"Abortion Incidence and Service Availability in the United States, 2014, Rachel K. Jones, Jenna Jerman <https://www.guttmacher.org/journals/psrh/2017/01/abortion-incidence-and-service-availability-united-states-2014>"
"Change in the number of clinics",VT,Vermont,2011,2014,,"Abortion Incidence and Service Availability in the United States, 2014, Rachel K. Jones, Jenna Jerman <https://www.guttmacher.org/journals/psrh/2017/01/abortion-incidence-and-service-availability-united-states-2014>"
"Change in the number of clinics",VA,Virginia,2011,2014,,"Abortion Incidence and Service Availability in the United States, 2014, Rachel K. Jones, Jenna Jerman <https://www.guttmacher.org/journals/psrh/2017/01/abortion-incidence-and-service-availability-united-states-2014>"
"Change in the number of clinics",WA,Washington,2011,2014,,"Abortion Incidence and Service Availability in the United States, 2014, Rachel K. Jones, Jenna Jerman <https://www.guttmacher.org/journals/psrh/2017/01/abortion-incidence-and-service-availability-united-states-2014>"
"Change in the number of clinics",WV,"West Virginia",2011,2014,,"Abortion Incidence and Service Availability in the United States, 2014, Rachel K. Jones, Jenna Jerman <https://www.guttmacher.org/journals/psrh/2017/01/abortion-incidence-and-service-availability-united-states-2014>"
"Change in the number of clinics",WI,Wisconsin,2011,2014,,"Abortion Incidence and Service Availability in the United States, 2014, Rachel K. Jones, Jenna Jerman <https://www.guttmacher.org/journals/psrh/2017/01/abortion-incidence-and-service-availability-united-states-2014>"
"Change in the number of clinics",WY,Wyoming,2011,2014,,"Abortion Incidence and Service Availability in the United States, 2014, Rachel K. Jones, Jenna Jerman <https://www.guttmacher.org/journals/psrh/2017/01/abortion-incidence-and-service-availability-united-states-2014>"
"Number of clinics",AL,Alabama,2014,n/a,,"Abortion Incidence and Service Availability in the United States, 2014, Rachel K. Jones, Jenna Jerman <https://www.guttmacher.org/journals/psrh/2017/01/abortion-incidence-and-service-availability-united-states-2014>"
"Number of clinics",AK,Alaska,2014,n/a,,"Abortion Incidence and Service Availability in the United States, 2014, Rachel K. Jones, Jenna Jerman <https://www.guttmacher.org/journals/psrh/2017/01/abortion-incidence-and-service-availability-united-states-2014>"
"Number of clinics",AZ,Arizona,2014,n/a,,"Abortion Incidence and Service Availability in the United States, 2014, Rachel K. Jones, Jenna Jerman <https://www.guttmacher.org/journals/psrh/2017/01/abortion-incidence-and-service-availability-united-states-2014>"
"Number of clinics",AR,Arkansas,2014,n/a,,"Abortion Incidence and Service Availability in the United States, 2014, Rachel K. Jones, Jenna Jerman <https://www.guttmacher.org/journals/psrh/2017/01/abortion-incidence-and-service-availability-united-states-2014>"
"Number of clinics",CA,California,2014,n/a,,"Abortion Incidence and Service Availability in the United States, 2014, Rachel K. Jones, Jenna Jerman <https://www.guttmacher.org/journals/psrh/2017/01/abortion-incidence-and-service-availability-united-states-2014>"
"Number of clinics",CO,Colorado,2014,n/a,,"Abortion Incidence and Service Availability in the United States, 2014, Rachel K. Jones, Jenna Jerman <https://www.guttmacher.org/journals/psrh/2017/01/abortion-incidence-and-service-availability-united-states-2014>"
"Number of clinics",CT,Connecticut,2014,n/a,,"Abortion Incidence and Service Availability in the United States, 2014, Rachel K. Jones, Jenna Jerman <https://www.guttmacher.org/journals/psrh/2017/01/abortion-incidence-and-service-availability-united-states-2014>"
"Number of clinics",DE,Delaware,2014,n/a,,"Abortion Incidence and Service Availability in the United States, 2014, Rachel K. Jones, Jenna Jerman <https://www.guttmacher.org/journals/psrh/2017/01/abortion-incidence-and-service-availability-united-states-2014>"
"Number of clinics",DC,"District of Columbia",2014,n/a,,"Abortion Incidence and Service Availability in the United States, 2014, Rachel K. Jones, Jenna Jerman <https://www.guttmacher.org/journals/psrh/2017/01/abortion-incidence-and-service-availability-united-states-2014>"
"Number of clinics",FL,Florida,2014,n/a,,"Abortion Incidence and Service Availability in the United States, 2014, Rachel K. Jones, Jenna Jerman <https://www.guttmacher.org/journals/psrh/2017/01/abortion-incidence-and-service-availability-united-states-2014>"
"Number of clinics",GA,Georgia,2014,n/a,,"Abortion Incidence and Service Availability in the United States, 2014, Rachel K. Jones, Jenna Jerman <https://www.guttmacher.org/journals/psrh/2017/01/abortion-incidence-and-service-availability-united-states-2014>"
"Number of clinics",HI,Hawaii,2014,n/a,,"Abortion Incidence and Service Availability in the United States, 2014, Rachel K. Jones, Jenna Jerman <https://www.guttmacher.org/journals/psrh/2017/01/abortion-incidence-and-service-availability-united-states-2014>"
"Number of clinics",ID,Idaho,2014,n/a,,"Abortion Incidence and Service Availability in the United States, 2014, Rachel K. Jones, Jenna Jerman <https://www.guttmacher.org/journals/psrh/2017/01/abortion-incidence-and-service-availability-united-states-2014>"
"Number of clinics",IL,Illinois,2014,n/a,,"Abortion Incidence and Service Availability in the United States, 2014, Rachel K. Jones, Jenna Jerman <https://www.guttmacher.org/journals/psrh/2017/01/abortion-incidence-and-service-availability-united-states-2014>"
"Number of clinics",IN,Indiana,2014,n/a,,"Abortion Incidence and Service Availability in the United States, 2014, Rachel K. Jones, Jenna Jerman <https://www.guttmacher.org/journals/psrh/2017/01/abortion-incidence-and-service-availability-united-states-2014>"
"Number of clinics",IA,Iowa,2014,n/a,,"Abortion Incidence and Service Availability in the United States, 2014, Rachel K. Jones, Jenna Jerman <https://www.guttmacher.org/journals/psrh/2017/01/abortion-incidence-and-service-availability-united-states-2014>"
"Number of clinics",KS,Kansas,2014,n/a,,"Abortion Incidence and Service Availability in the United States, 2014, Rachel K. Jones, Jenna Jerman <https://www.guttmacher.org/journals/psrh/2017/01/abortion-incidence-and-service-availability-united-states-2014>"
"Number of clinics",KY,Kentucky,2014,n/a,,"Abortion Incidence and Service Availability in the United States, 2014, Rachel K. Jones, Jenna Jerman <https://www.guttmacher.org/journals/psrh/2017/01/abortion-incidence-and-service-availability-united-states-2014>"
"Number of clinics",LA,Louisiana,2014,n/a,,"Abortion Incidence and Service Availability in the United States, 2014, Rachel K. Jones, Jenna Jerman <https://www.guttmacher.org/journals/psrh/2017/01/abortion-incidence-and-service-availability-united-states-2014>"
"Number of clinics",ME,Maine,2014,n/a,,"Abortion Incidence and Service Availability in the United States, 2014, Rachel K. Jones, Jenna Jerman <https://www.guttmacher.org/journals/psrh/2017/01/abortion-incidence-and-service-availability-united-states-2014>"
"Number of clinics",MD,Maryland,2014,n/a,,"Abortion Incidence and Service Availability in the United States, 2014, Rachel K. Jones, Jenna Jerman <https://www.guttmacher.org/journals/psrh/2017/01/abortion-incidence-and-service-availability-united-states-2014>"
"Number of clinics",MA,Massachusetts,2014,n/a,,"Abortion Incidence and Service Availability in the United States, 2014, Rachel K. Jones, Jenna Jerman <https://www.guttmacher.org/journals/psrh/2017/01/abortion-incidence-and-service-availability-united-states-2014>"
"Number of clinics",MI,Michigan,2014,n/a,,"Abortion Incidence and Service Availability in the United States, 2014, Rachel K. Jones, Jenna Jerman <https://www.guttmacher.org/journals/psrh/2017/01/abortion-incidence-and-service-availability-united-states-2014>"
"Number of clinics",MN,Minnesota,2014,n/a,,"Abortion Incidence and Service Availability in the United States, 2014, Rachel K. Jones, Jenna Jerman <https://www.guttmacher.org/journals/psrh/2017/01/abortion-incidence-and-service-availability-united-states-2014>"
"Number of clinics",MS,Mississippi,2014,n/a,,"Abortion Incidence and Service Availability in the United States, 2014, Rachel K. Jones, Jenna Jerman <https://www.guttmacher.org/journals/psrh/2017/01/abortion-incidence-and-service-availability-united-states-2014>"
"Number of clinics",MO,Missouri,2014,n/a,,"Abortion Incidence and Service Availability in the United States, 2014, Rachel K. Jones, Jenna Jerman <https://www.guttmacher.org/journals/psrh/2017/01/abortion-incidence-and-service-availability-united-states-2014>"
"Number of clinics",MT,Montana,2014,n/a,,"Abortion Incidence and Service Availability in the United States, 2014, Rachel K. Jones, Jenna Jerman <https://www.guttmacher.org/journals/psrh/2017/01/abortion-incidence-and-service-availability-united-states-2014>"
"Number of clinics",NE,Nebraska,2014,n/a,,"Abortion Incidence and Service Availability in the United States, 2014, Rachel K. Jones, Jenna Jerman <https://www.guttmacher.org/journals/psrh/2017/01/abortion-incidence-and-service-availability-united-states-2014>"
"Number of clinics",NV,Nevada,2014,n/a,,"Abortion Incidence and Service Availability in the United States, 2014, Rachel K. Jones, Jenna Jerman <https://www.guttmacher.org/journals/psrh/2017/01/abortion-incidence-and-service-availability-united-states-2014>"
"Number of clinics",NH,"New Hampshire",2014,n/a,,"Abortion Incidence and Service Availability in the United States, 2014, Rachel K. Jones, Jenna Jerman <https://www.guttmacher.org/journals/psrh/2017/01/abortion-incidence-and-service-availability-united-states-2014>"
"Number of clinics",NJ,"New Jersey",2014,n/a,,"Abortion Incidence and Service Availability in the United States, 2014, Rachel K. Jones, Jenna Jerman <https://www.guttmacher.org/journals/psrh/2017/01/abortion-incidence-and-service-availability-united-states-2014>"
"Number of clinics",NM,"New Mexico",2014,n/a,,"Abortion Incidence and Service Availability in the United States, 2014, Rachel K. Jones, Jenna Jerman <https://www.guttmacher.org/journals/psrh/2017/01/abortion-incidence-and-service-availability-united-states-2014>"
"Number of clinics",NY,"New York",2014,n/a,,"Abortion Incidence and Service Availability in the United States, 2014, Rachel K. Jones, Jenna Jerman <https://www.guttmacher.org/journals/psrh/2017/01/abortion-incidence-and-service-availability-united-states-2014>"
"Number of clinics",NC,"North Carolina",2014,n/a,,"Abortion Incidence and Service Availability in the United States, 2014, Rachel K. Jones, Jenna Jerman <https://www.guttmacher.org/journals/psrh/2017/01/abortion-incidence-and-service-availability-united-states-2014>"
"Number of clinics",ND,"North Dakota",2014,n/a,,"Abortion Incidence and Service Availability in the United States, 2014, Rachel K. Jones, Jenna Jerman <https://www.guttmacher.org/journals/psrh/2017/01/abortion-incidence-and-service-availability-united-states-2014>"
"Number of clinics",OH,Ohio,2014,n/a,,"Abortion Incidence and Service Availability in the United States, 2014, Rachel K. Jones, Jenna Jerman <https://www.guttmacher.org/journals/psrh/2017/01/abortion-incidence-and-service-availability-united-states-2014>"
"Number of clinics",OK,Oklahoma,2014,n/a,,"Abortion Incidence and Service Availability in the United States, 2014, Rachel K. Jones, Jenna Jerman <https://www.guttmacher.org/journals/psrh/2017/01/abortion-incidence-and-service-availability-united-states-2014>"
"Number of clinics",OR,Oregon,2014,n/a,,"Abortion Incidence and Service Availability in the United States, 2014, Rachel K. Jones, Jenna Jerman <https://www.guttmacher.org/journals/psrh/2017/01/abortion-incidence-and-service-availability-united-states-2014>"
"Number of clinics",PA,Pennsylvania,2014,n/a,,"Abortion Incidence and Service Availability in the United States, 2014, Rachel K. Jones, Jenna Jerman <https://www.guttmacher.org/journals/psrh/2017/01/abortion-incidence-and-service-availability-united-states-2014>"
"Number of clinics",RI,"Rhode Island",2014,n/a,,"Abortion Incidence and Service Availability in the United States, 2014, Rachel K. Jones, Jenna Jerman <https://www.guttmacher.org/journals/psrh/2017/01/abortion-incidence-and-service-availability-united-states-2014>"
"Number of clinics",SC,"South Carolina",2014,n/a,,"Abortion Incidence and Service Availability in the United States, 2014, Rachel K. Jones, Jenna Jerman <https://www.guttmacher.org/journals/psrh/2017/01/abortion-incidence-and-service-availability-united-states-2014>"
"Number of clinics",SD,"South Dakota",2014,n/a,,"Abortion Incidence and Service Availability in the United States, 2014, Rachel K. Jones, Jenna Jerman <https://www.guttmacher.org/journals/psrh/2017/01/abortion-incidence-and-service-availability-united-states-2014>"
"Number of clinics",TN,Tennessee,2014,n/a,,"Abortion Incidence and Service Availability in the United States, 2014, Rachel K. Jones, Jenna Jerman <https://www.guttmacher.org/journals/psrh/2017/01/abortion-incidence-and-service-availability-united-states-2014>"
"Number of clinics",TX,Texas,2014,n/a,,"Abortion Incidence and Service Availability in the United States, 2014, Rachel K. Jones, Jenna Jerman <https://www.guttmacher.org/journals/psrh/2017/01/abortion-incidence-and-service-availability-united-states-2014>"
"Number of clinics",UT,Utah,2014,n/a,,"Abortion Incidence and Service Availability in the United States, 2014, Rachel K. Jones, Jenna Jerman <https://www.guttmacher.org/journals/psrh/2017/01/abortion-incidence-and-service-availability-united-states-2014>"
"Number of clinics",VT,Vermont,2014,n/a,,"Abortion Incidence and Service Availability in the United States, 2014, Rachel K. Jones, Jenna Jerman <https://www.guttmacher.org/journals/psrh/2017/01/abortion-incidence-and-service-availability-united-states-2014>"
"Number of clinics",VA,Virginia,2014,n/a,,"Abortion Incidence and Service Availability in the United States, 2014, Rachel K. Jones, Jenna Jerman <https://www.guttmacher.org/journals/psrh/2017/01/abortion-incidence-and-service-availability-united-states-2014>"
"Number of clinics",WA,Washington,2014,n/a,,"Abortion Incidence and Service Availability in the United States, 2014, Rachel K. Jones, Jenna Jerman <https://www.guttmacher.org/journals/psrh/2017/01/abortion-incidence-and-service-availability-united-states-2014>"
"Number of clinics",WV,"West Virginia",2014,n/a,,"Abortion Incidence and Service Availability in the United States, 2014, Rachel K. Jones, Jenna Jerman <https://www.guttmacher.org/journals/psrh/2017/01/abortion-incidence-and-service-availability-united-states-2014>"
"Number of clinics",WI,Wisconsin,2014,n/a,,"Abortion Incidence and Service Availability in the United States, 2014, Rachel K. Jones, Jenna Jerman <https://www.guttmacher.org/journals/psrh/2017/01/abortion-incidence-and-service-availability-united-states-2014>"
"Number of clinics",WY,Wyoming,2014,n/a,,"Abortion Incidence and Service Availability in the United States, 2014, Rachel K. Jones, Jenna Jerman <https://www.guttmacher.org/journals/psrh/2017/01/abortion-incidence-and-service-availability-united-states-2014>"
"Percentage change in the number of clinics",AL,Alabama,2011,2014,,"Abortion Incidence and Service Availability in the United States, 2014, Rachel K. Jones, Jenna Jerman <https://www.guttmacher.org/journals/psrh/2017/01/abortion-incidence-and-service-availability-united-states-2014>"
"Percentage change in the number of clinics",AK,Alaska,2011,2014,,"Abortion Incidence and Service Availability in the United States, 2014, Rachel K. Jones, Jenna Jerman <https://www.guttmacher.org/journals/psrh/2017/01/abortion-incidence-and-service-availability-united-states-2014>"
"Percentage change in the number of clinics",AZ,Arizona,2011,2014,,"Abortion Incidence and Service Availability in the United States, 2014, Rachel K. Jones, Jenna Jerman <https://www.guttmacher.org/journals/psrh/2017/01/abortion-incidence-and-service-availability-united-states-2014>"
"Percentage change in the number of clinics",AR,Arkansas,2011,2014,,"Abortion Incidence and Service Availability in the United States, 2014, Rachel K. Jones, Jenna Jerman <https://www.guttmacher.org/journals/psrh/2017/01/abortion-incidence-and-service-availability-united-states-2014>"
"Percentage change in the number of clinics",CA,California,2011,2014,,"Abortion Incidence and Service Availability in the United States, 2014, Rachel K. Jones, Jenna Jerman <https://www.guttmacher.org/journals/psrh/2017/01/abortion-incidence-and-service-availability-united-states-2014>"
"Percentage change in the number of clinics",CO,Colorado,2011,2014,,"Abortion Incidence and Service Availability in the United States, 2014, Rachel K. Jones, Jenna Jerman <https://www.guttmacher.org/journals/psrh/2017/01/abortion-incidence-and-service-availability-united-states-2014>"
"Percentage change in the number of clinics",CT,Connecticut,2011,2014,,"Abortion Incidence and Service Availability in the United States, 2014, Rachel K. Jones, Jenna Jerman <https://www.guttmacher.org/journals/psrh/2017/01/abortion-incidence-and-service-availability-united-states-2014>"
"Percentage change in the number of clinics",DE,Delaware,2011,2014,,"Abortion Incidence and Service Availability in the United States, 2014, Rachel K. Jones, Jenna Jerman <https://www.guttmacher.org/journals/psrh/2017/01/abortion-incidence-and-service-availability-united-states-2014>"
"Percentage change in the number of clinics",DC,"District of Columbia",2011,2014,,"Abortion Incidence and Service Availability in the United States, 2014, Rachel K. Jones, Jenna Jerman <https://www.guttmacher.org/journals/psrh/2017/01/abortion-incidence-and-service-availability-united-states-2014>"
"Percentage change in the number of clinics",FL,Florida,2011,2014,,"Abortion Incidence and Service Availability in the United States, 2014, Rachel K. Jones, Jenna Jerman <https://www.guttmacher.org/journals/psrh/2017/01/abortion-incidence-and-service-availability-united-states-2014>"
"Percentage change in the number of clinics",GA,Georgia,2011,2014,,"Abortion Incidence and Service Availability in the United States, 2014, Rachel K. Jones, Jenna Jerman <https://www.guttmacher.org/journals/psrh/2017/01/abortion-incidence-and-service-availability-united-states-2014>"
"Percentage change in the number of clinics",HI,Hawaii,2011,2014,,"Abortion Incidence and Service Availability in the United States, 2014, Rachel K. Jones, Jenna Jerman <https://www.guttmacher.org/journals/psrh/2017/01/abortion-incidence-and-service-availability-united-states-2014>"
"Percentage change in the number of clinics",ID,Idaho,2011,2014,,"Abortion Incidence and Service Availability in the United States, 2014, Rachel K. Jones, Jenna Jerman <https://www.guttmacher.org/journals/psrh/2017/01/abortion-incidence-and-service-availability-united-states-2014>"
"Percentage change in the number of clinics",IL,Illinois,2011,2014,,"Abortion Incidence and Service Availability in the United States, 2014, Rachel K. Jones, Jenna Jerman <https://www.guttmacher.org/journals/psrh/2017/01/abortion-incidence-and-service-availability-united-states-2014>"
"Percentage change in the number of clinics",IN,Indiana,2011,2014,,"Abortion Incidence and Service Availability in the United States, 2014, Rachel K. Jones, Jenna Jerman <https://www.guttmacher.org/journals/psrh/2017/01/abortion-incidence-and-service-availability-united-states-2014>"
"Percentage change in the number of clinics",IA,Iowa,2011,2014,,"Abortion Incidence and Service Availability in the United States, 2014, Rachel K. Jones, Jenna Jerman <https://www.guttmacher.org/journals/psrh/2017/01/abortion-incidence-and-service-availability-united-states-2014>"
"Percentage change in the number of clinics",KS,Kansas,2011,2014,,"Abortion Incidence and Service Availability in the United States, 2014, Rachel K. Jones, Jenna Jerman <https://www.guttmacher.org/journals/psrh/2017/01/abortion-incidence-and-service-availability-united-states-2014>"
"Percentage change in the number of clinics",KY,Kentucky,2011,2014,,"Abortion Incidence and Service Availability in the United States, 2014, Rachel K. Jones, Jenna Jerman <https://www.guttmacher.org/journals/psrh/2017/01/abortion-incidence-and-service-availability-united-states-2014>"
"Percentage change in the number of clinics",LA,Louisiana,2011,2014,,"Abortion Incidence and Service Availability in the United States, 2014, Rachel K. Jones, Jenna Jerman <https://www.guttmacher.org/journals/psrh/2017/01/abortion-incidence-and-service-availability-united-states-2014>"
"Percentage change in the number of clinics",ME,Maine,2011,2014,,"Abortion Incidence and Service Availability in the United States, 2014, Rachel K. Jones, Jenna Jerman <https://www.guttmacher.org/journals/psrh/2017/01/abortion-incidence-and-service-availability-united-states-2014>"
"Percentage change in the number of clinics",MD,Maryland,2011,2014,,"Abortion Incidence and Service Availability in the United States, 2014, Rachel K. Jones, Jenna Jerman <https://www.guttmacher.org/journals/psrh/2017/01/abortion-incidence-and-service-availability-united-states-2014>"
"Percentage change in the number of clinics",MA,Massachusetts,2011,2014,,"Abortion Incidence and Service Availability in the United States, 2014, Rachel K. Jones, Jenna Jerman <https://www.guttmacher.org/journals/psrh/2017/01/abortion-incidence-and-service-availability-united-states-2014>"
"Percentage change in the number of clinics",MI,Michigan,2011,2014,,"Abortion Incidence and Service Availability in the United States, 2014, Rachel K. Jones, Jenna Jerman <https://www.guttmacher.org/journals/psrh/2017/01/abortion-incidence-and-service-availability-united-states-2014>"
"Percentage change in the number of clinics",MN,Minnesota,2011,2014,,"Abortion Incidence and Service Availability in the United States, 2014, Rachel K. Jones, Jenna Jerman <https://www.guttmacher.org/journals/psrh/2017/01/abortion-incidence-and-service-availability-united-states-2014>"
"Percentage change in the number of clinics",MS,Mississippi,2011,2014,,"Abortion Incidence and Service Availability in the United States, 2014, Rachel K. Jones, Jenna Jerman <https://www.guttmacher.org/journals/psrh/2017/01/abortion-incidence-and-service-availability-united-states-2014>"
"Percentage change in the number of clinics",MO,Missouri,2011,2014,,"Abortion Incidence and Service Availability in the United States, 2014, Rachel K. Jones, Jenna Jerman <https://www.guttmacher.org/journals/psrh/2017/01/abortion-incidence-and-service-availability-united-states-2014>"
"Percentage change in the number of clinics",MT,Montana,2011,2014,,"Abortion Incidence and Service Availability in the United States, 2014, Rachel K. Jones, Jenna Jerman <https://www.guttmacher.org/journals/psrh/2017/01/abortion-incidence-and-service-availability-united-states-2014>"
"Percentage change in the number of clinics",NE,Nebraska,2011,2014,,"Abortion Incidence and Service Availability in the United States, 2014, Rachel K. Jones, Jenna Jerman <https://www.guttmacher.org/journals/psrh/2017/01/abortion-incidence-and-service-availability-united-states-2014>"
"Percentage change in the number of clinics",NV,Nevada,2011,2014,,"Abortion Incidence and Service Availability in the United States, 2014, Rachel K. Jones, Jenna Jerman <https://www.guttmacher.org/journals/psrh/2017/01/abortion-incidence-and-service-availability-united-states-2014>"
"Percentage change in the number of clinics",NH,"New Hampshire",2011,2014,,"Abortion Incidence and Service Availability in the United States, 2014, Rachel K. Jones, Jenna Jerman <https://www.guttmacher.org/journals/psrh/2017/01/abortion-incidence-and-service-availability-united-states-2014>"
"Percentage change in the number of clinics",NJ,"New Jersey",2011,2014,,"Abortion Incidence and Service Availability in the United States, 2014, Rachel K. Jones, Jenna Jerman <https://www.guttmacher.org/journals/psrh/2017/01/abortion-incidence-and-service-availability-united-states-2014>"
"Percentage change in the number of clinics",NM,"New Mexico",2011,2014,,"Abortion Incidence and Service Availability in the United States, 2014, Rachel K. Jones, Jenna Jerman <https://www.guttmacher.org/journals/psrh/2017/01/abortion-incidence-and-service-availability-united-states-2014>"
"Percentage change in the number of clinics",NY,"New York",2011,2014,,"Abortion Incidence and Service Availability in the United States, 2014, Rachel K. Jones, Jenna Jerman <https://www.guttmacher.org/journals/psrh/2017/01/abortion-incidence-and-service-availability-united-states-2014>"
"Percentage change in the number of clinics",NC,"North Carolina",2011,2014,,"Abortion Incidence and Service Availability in the United States, 2014, Rachel K. Jones, Jenna Jerman <https://www.guttmacher.org/journals/psrh/2017/01/abortion-incidence-and-service-availability-united-states-2014>"
"Percentage change in the number of clinics",ND,"North Dakota",2011,2014,,"Abortion Incidence and Service Availability in the United States, 2014, Rachel K. Jones, Jenna Jerman <https://www.guttmacher.org/journals/psrh/2017/01/abortion-incidence-and-service-availability-united-states-2014>"
"Percentage change in the number of clinics",OH,Ohio,2011,2014,,"Abortion Incidence and Service Availability in the United States, 2014, Rachel K. Jones, Jenna Jerman <https://www.guttmacher.org/journals/psrh/2017/01/abortion-incidence-and-service-availability-united-states-2014>"
"Percentage change in the number of clinics",OK,Oklahoma,2011,2014,,"Abortion Incidence and Service Availability in the United States, 2014, Rachel K. Jones, Jenna Jerman <https://www.guttmacher.org/journals/psrh/2017/01/abortion-incidence-and-service-availability-united-states-2014>"
"Percentage change in the number of clinics",OR,Oregon,2011,2014,,"Abortion Incidence and Service Availability in the United States, 2014, Rachel K. Jones, Jenna Jerman <https://www.guttmacher.org/journals/psrh/2017/01/abortion-incidence-and-service-availability-united-states-2014>"
"Percentage change in the number of clinics",PA,Pennsylvania,2011,2014,,"Abortion Incidence and Service Availability in the United States, 2014, Rachel K. Jones, Jenna Jerman <https://www.guttmacher.org/journals/psrh/2017/01/abortion-incidence-and-service-availability-united-states-2014>"
"Percentage change in the number of clinics",RI,"Rhode Island",2011,2014,,"Abortion Incidence and Service Availability in the United States, 2014, Rachel K. Jones, Jenna Jerman <https://www.guttmacher.org/journals/psrh/2017/01/abortion-incidence-and-service-availability-united-states-2014>"
"Percentage change in the number of clinics",SC,"South Carolina",2011,2014,,"Abortion Incidence and Service Availability in the United States, 2014, Rachel K. Jones, Jenna Jerman <https://www.guttmacher.org/journals/psrh/2017/01/abortion-incidence-and-service-availability-united-states-2014>"
"Percentage change in the number of clinics",SD,"South Dakota",2011,2014,,"Abortion Incidence and Service Availability in the United States, 2014, Rachel K. Jones, Jenna Jerman <https://www.guttmacher.org/journals/psrh/2017/01/abortion-incidence-and-service-availability-united-states-2014>"
"Percentage change in the number of clinics",TN,Tennessee,2011,2014,,"Abortion Incidence and Service Availability in the United States, 2014, Rachel K. Jones, Jenna Jerman <https://www.guttmacher.org/journals/psrh/2017/01/abortion-incidence-and-service-availability-united-states-2014>"
"Percentage change in the number of clinics",TX,Texas,2011,2014,,"Abortion Incidence and Service Availability in the United States, 2014, Rachel K. Jones, Jenna Jerman <https://www.guttmacher.org/journals/psrh/2017/01/abortion-incidence-and-service-availability-united-states-2014>"
"Percentage change in the number of clinics",UT,Utah,2011,2014,,"Abortion Incidence and Service Availability in the United States, 2014, Rachel K. Jones, Jenna Jerman <https://www.guttmacher.org/journals/psrh/2017/01/abortion-incidence-and-service-availability-united-states-2014>"
"Percentage change in the number of clinics",VT,Vermont,2011,2014,,"Abortion Incidence and Service Availability in the United States, 2014, Rachel K. Jones, Jenna Jerman <https://www.guttmacher.org/journals/psrh/2017/01/abortion-incidence-and-service-availability-united-states-2014>"
"Percentage change in the number of clinics",VA,Virginia,2011,2014,,"Abortion Incidence and Service Availability in the United States, 2014, Rachel K. Jones, Jenna Jerman <https://www.guttmacher.org/journals/psrh/2017/01/abortion-incidence-and-service-availability-united-states-2014>"
"Percentage change in the number of clinics",WA,Washington,2011,2014,,"Abortion Incidence and Service Availability in the United States, 2014, Rachel K. Jones, Jenna Jerman <https://www.guttmacher.org/journals/psrh/2017/01/abortion-incidence-and-service-availability-united-states-2014>"
"Percentage change in the number of clinics",WV,"West Virginia",2011,2014,,"Abortion Incidence and Service Availability in the United States, 2014, Rachel K. Jones, Jenna Jerman <https://www.guttmacher.org/journals/psrh/2017/01/abortion-incidence-and-service-availability-united-states-2014>"
"Percentage change in the number of clinics",WI,Wisconsin,2011,2014,,"Abortion Incidence and Service Availability in the United States, 2014, Rachel K. Jones, Jenna Jerman <https://www.guttmacher.org/journals/psrh/2017/01/abortion-incidence-and-service-availability-united-states-2014>"
"Percentage change in the number of clinics",WY,Wyoming,2011,2014,,"Abortion Incidence and Service Availability in the United States, 2014, Rachel K. Jones, Jenna Jerman <https://www.guttmacher.org/journals/psrh/2017/01/abortion-incidence-and-service-availability-united-states-2014>"
